country_group,year,n_movies,n_with_rating,avg_imdb,avg_runtime,votes_total
other,2004,1,1,6.9,98.0,24147
usa,1937,1,1,7.6,83.0,174379
usa,1940,2,2,7.6,106.5,209260
usa,1942,1,1,7.3,70.0,125824
usa,1944,1,1,6.5,71.0,11541
usa,1947,1,1,7.9,96.0,38715
usa,1949,1,1,7.0,68.0,11917
usa,1950,1,1,7.3,74.0,139378
usa,1951,1,1,7.4,75.0,123377
usa,1953,1,1,7.3,77.0,120707
usa,1954,1,1,7.2,127.0,27761
usa,1955,1,1,7.3,76.0,116990
usa,1957,1,1,7.3,83.0,11270
usa,1959,2,2,7.1,102.0,144702
usa,1960,1,1,7.2,126.0,13189
usa,1961,2,2,7.15,104.0,164709
usa,1963,1,1,7.2,79.0,85169
usa,1964,1,1,7.8,139.0,151417
usa,1965,1,1,8.0,172.0,194154
usa,1967,1,1,7.6,78.0,159903
usa,1968,1,1,6.5,108.0,13617
usa,1970,1,1,7.1,78.0,89029
usa,1971,1,1,7.1,117.0,32823
usa,1973,1,1,7.6,83.0,110712
usa,1976,1,1,6.3,95.0,11109
usa,1977,4,4,7.375,100.25,1297024
usa,1979,1,1,6.0,98.0,22422
usa,1980,1,1,8.7,124.0,1109656
usa,1981,1,1,7.3,83.0,81227
usa,1982,1,1,6.8,96.0,110110
usa,1983,1,1,8.3,131.0,912250
usa,1984,2,2,6.75,70.0,76644
usa,1986,2,2,7.050000000000001,82.0,85045
usa,1987,2,2,7.05,100.0,422240
usa,1988,4,4,7.025,100.25,326263
usa,1989,2,2,6.9,90.0,289372
usa,1990,2,2,6.15,90.5,58390
usa,1991,3,3,7.066666666666666,99.66666666666667,474474
usa,1992,4,4,6.55,100.0,497916
usa,1993,6,6,6.733333333333333,94.0,570169
usa,1994,3,3,6.566666666666666,83.33333333333333,945262
usa,1995,3,3,7.2,87.33333333333333,1033753
usa,1996,5,5,5.62,94.8,141902
usa,1997,5,5,5.62,73.0,285101
usa,1998,6,6,6.25,89.66666666666667,635838
usa,1999,6,6,6.3500000000000005,95.33333333333333,1577291
usa,2000,5,5,7.140000000000001,76.0,480881
usa,2001,3,3,6.533333333333334,91.33333333333333,918517
usa,2002,7,7,7.0,89.14285714285714,1355410
usa,2003,8,8,6.4125,90.875,1456526
usa,2004,4,4,6.475,108.75,1018320
usa,2005,8,8,6.4625,72.5,867224
usa,2006,8,8,6.9375,98.5,1257073
usa,2007,7,7,6.685714285714285,114.28571428571429,1897881
usa,2008,10,10,6.45,88.9,2320501
usa,2009,10,10,5.95,89.9,2286399
usa,2010,10,10,6.88,98.3,2638405
usa,2011,10,10,6.640000000000001,90.7,1756761
usa,2012,6,6,6.95,115.5,2009963
usa,2013,4,4,7.225,112.0,2162334
usa,2014,4,4,7.475,116.5,2137824
usa,2015,6,6,7.3,116.0,2774526
usa,2016,11,11,7.6,104.72727272727273,2780072
usa,2017,6,6,7.183333333333334,107.83333333333333,2025997
usa,2018,3,3,6.566666666666666,114.33333333333333,664662
usa,2019,6,6,7.433333333333334,121.33333333333333,1214264
usa,2020,1,1,7.5,102.0,45444
usa_other,1979,1,1,7.6,95.0,31198
usa_other,1981,1,1,7.2,97.0,12993
usa_other,1985,2,2,6.550000000000001,96.5,52976
usa_other,1989,1,1,6.3,93.0,137074
usa_other,1990,1,1,6.9,74.0,24234
usa_other,1992,1,1,7.7,85.0,45861
usa_other,1993,1,1,6.4,105.0,48683
usa_other,1994,2,2,6.4,91.5,105965
usa_other,1995,1,1,6.8,78.0,43655
usa_other,1996,3,3,6.433333333333334,91.0,291144
usa_other,1997,2,2,6.25,99.0,218005
usa_other,1998,2,2,6.5,104.5,173154
usa_other,1999,1,1,8.0,112.0,77452
usa_other,2000,3,3,5.6000000000000005,84.0,66494
usa_other,2001,1,1,6.3,111.0,123037
usa_other,2002,4,4,5.525,94.0,102403
usa_other,2003,2,2,6.75,86.0,926001
usa_other,2004,5,5,6.0600000000000005,100.0,210738
usa_other,2005,4,4,6.45,109.25,424174
usa_other,2006,2,2,5.0,89.5,54460
usa_other,2008,1,1,6.5,150.0,187627
usa_other,2010,1,1,6.2,120.0,40808
usa_other,2011,1,1,6.6,136.0,465510
usa_other,2012,2,2,7.1,84.0,367394
usa_other,2013,1,1,7.5,125.0,147182
usa_other,2016,1,1,6.4,117.0,73906
usa_other,2018,1,1,7.5,8.0,19660
usa_other,2019,3,3,6.7,117.66666666666667,655537
